{
  "data": [
    {
      "id": 1,
      "brand": "Roadster",
      "name": "Men Cotton Casual Shirt",
      "discountPrice": 674,
      "price": 1499,
      "discount": "55% OFF",
      "image": "Product1.png"
    },
    {
      "id": 2,
      "brand": "Dennis Lingo",
      "name": "Men Slim Casual Shirt",
      "discountPrice": 699,
      "price": 1849,
      "discount": "RS 1150 OFF",
      "image": "Product2.png"
    },
    {
      "id": 3,
      "brand": "WROGN",
      "name": "Men Slim Casual Shirt",
      "discountPrice": 1679,
      "price": 2399,
      "discount": "30% OFF",
      "image": "Product3.png"
    },
    {
      "id": 4,
      "brand": "Roadster",
      "name": "Men Chceked Casual Shirt",
      "discountPrice": 644,
      "price": 1499,
      "discount": "57% OFF",
      "image": "Product4.png"
    }
  ],
  "aboutData": {
    "history": "The story of Spark Clothings started in Bangalore in the year 2000 with wholesale of hosiery and woven garments, catering to the needs of various wholesalers and retailers across India. Bangalore textiles industry stands at USD 4.2 billion in 2012 and is globally famous for its hosiery products. The City has more than 5,000 garment manufacturing units and job work units, and is one of the most organised processing and finishing garment clusters in India. The firm came into existence in the year 2005 as a Sole Proprietorship concern in Bangalore, Tamil Nadu. In the year 2007 it started as family enterprise with a tiny shop selling Men’s apparel at much lesser price than market and expanded to full men’s wear during next six months. The journey continued and in 2011 launched its first exclusively brand store in Bangalore with bigger retailing space for Men’s wear, Women’s wear and Kids clothing.",
    "tagline": "We have the capabilities and experience to deliver the products you need to move forward."
  },
  "contactData": {
    "address": "280 ParK Avenue Z,Cross cut Complex, Bangalore, India",
    "phone": [
      "(91) 987 654 3210",
      "(91) 987 654 3211"
    ],
    "email": "contact@sparkclothing.com"
  },
  "feedback": [
    {
      "name": "hello",
      "email": "helo@gmail.com",
      "number": "786543459",
      "message": "jkhgfdcvn",
      "id": 1
    },
    {
      "name": "hdhfknnewk",
      "email": "kjdknnknks@gmail.com",
      "number": "4697030270",
      "message": "good",
      "id": 2
    },
    {
      "name": "hai",
      "email": "v@gmail.com",
      "number": "6987987",
      "message": "kjkj",
      "id": 3
    }
  ],
  "getInTouchData": [
    {
      "id": 1
    },
    {
      "id": 2
    },
    {
      "id": 3
    },
    {
      "id": 4
    },
    {
      "id": 10,
      "name": "vamsi",
      "email": "vamsig98@gmail.com",
      "number": 9705336798,
      "message": "hello"
    },
    {
      "id": 11
    },
    {
      "name": "shreef",
      "email": "shareef@gmail.com",
      "number": "9959597306",
      "message": "l;'lkjmhngfdertyulk;",
      "id": 12
    },
    {
      "name": "shareef",
      "email": "shareef@gmail.com",
      "number": "0986547534568",
      "message": "ggknlk",
      "id": 13
    }
  ]
}